,Unnamed: 0,step1,step2,presicion,recall,f1_score
0,1.0,scaler,XGB,0.8687718867113104,0.8687718867113104,0.8687718867113104
1,2.0,scaler,catboost,0.9168765743073048,0.9168765743073048,0.9168765743073048
0,,standartScaler,LGBMClassifier,0.9144191190022731,0.9144191190022731,0.9144191190022731
