,step1,step2,presicion,recall,f1_score,test_size
0,StandardScaler,CatBoostClassifier,0.9243937620771304,0.9243937620771304,0.9243937620771304,36743.0
1,StandartScaler,LGBMClassifier,0.9235772800261274,0.9235772800261274,0.9235772800261274,36743.0
2,StandardScaler,XGBClassifier,0.8952725689246931,0.8952725689246931,0.8952725689246931,36743.0
0,Normalizer,LGBMClassifier,0.9139972239610266,0.9139972239610266,0.9139972239610266,36743.0
